{
  "seeds": [
    0,
    1,
    2,
    3,
    4
  ],
  "h_values": [
    0.05141707509756088,
    0.048622142523527145,
    0.049574390053749084,
    0.049658577889204025,
    0.04472939670085907
  ],
  "mean": 0.04880031645298004,
  "std": 0.0022265382104805984,
  "h_true": 0.05,
  "covered_2std": true
}