{
  "beta_recovered": 3.484754800796509,
  "beta_true": 2.5,
  "beta_err_pct": 39.39019203186035,
  "h_equivalent": 0.06969509601593017,
  "h_true": 0.05
}