{
  "beta_recovered": 2.567262887954712,
  "beta_true": 2.5,
  "beta_err_pct": 2.6905155181884766,
  "h_equivalent": 0.05134525775909424,
  "h_true": 0.05
}