{
  "h_recovered": 0.046083882451057434,
  "h_true": 0.05,
  "h_err_pct": 7.832235097885137,
  "P_recovered": 1.8550739288330078,
  "P_true": 2.0,
  "P_err_pct": 7.246303558349609
}