{
  "h": 0.04448001831769943,
  "h_err_pct": 11.03996336460114,
  "c": 1.6185665130615235e-10,
  "c_err_pct": 34.88054275512696,
  "data_fit": 0.0077956002205610275
}