{
  "h_true": 0.05,
  "c_rad_true": 1.2e-10,
  "blind_h": 0.06266642361879349,
  "blind_h_bias_pct": 25.332847237586968,
  "blind_data_fit": 0.0021508471108973026,
  "aware_h": 0.031011955812573433,
  "aware_h_err_pct": 37.97608837485314,
  "aware_c": 2.840453863143921e-10,
  "aware_c_err_pct": 136.70448859532675,
  "aware_data_fit": 0.0021769432350993156
}